"","index","aJunc1","aJunc2","lv"
"1","1","CAVRGRYGNKLVF","CASGRFGANVLTF",6
"2","2","CAVRDSFSGGYQKVTF","CASGRFGANVLTF",10
"3","3","CAAYSGAGSYQLTF","CASGRFGANVLTF",7
"4","4","CALIGGNTPLVF","CASGRFGANVLTF",8
"5","5","CALSAPRNSGGSNYKLTF","CASGRFGANVLTF",9
"6","6","CAATRTSGTYKYIF","CASGRFGANVLTF",9
"7","7","CAASSENARLMF","CASGRFGANVLTF",8
"8","8","CVVIPLTGTASKLTF","CASGRFGANVLTF",9
"9","9","CALHGGYQKVTF","CASGRFGANVLTF",8
"10","10","CAVDSNYQLIW","CASGRFGANVLTF",10
"11","11","CAGETGANNLFF","CASGRFGANVLTF",5
"12","12","CALTSNGSNTGKLIF","CASGRFGANVLTF",9
"13","13","CAASRYSGGGADGLTF","CASGRFGANVLTF",8
"14","14","CAADAGDDKIIF","CASGRFGANVLTF",9
"15","15","CATDGKSTF","CASGRFGANVLTF",8
"16","16","CAETPDDKIIF","CASGRFGANVLTF",10
"17","17","CAVSDSGFGNVLHC","CASGRFGANVLTF",7
"18","18","CAELNTDKLIF","CASGRFGANVLTF",9
"19","19","CAATTDKLIF","CASGRFGANVLTF",9
"20","20","CAASIGGGGSYIPTF","CASGRFGANVLTF",8
"21","21","CAVGNQAGTALIF","CASGRFGANVLTF",8
"22","22","CAASNPDYKLSF","CASGRFGANVLTF",9
"23","23","CAASEYNNNDMRF","CASGRFGANVLTF",9
"24","24","CAVLNFGNEKLTF","CASGRFGANVLTF",6
"25","25","CAENDRNQFYF","CASGRFGANVLTF",9
"26","26","CALSDSINAGNNRKLIW","CASGRFGANVLTF",11
"27","27","CAASGDSNYQLIW","CASGRFGANVLTF",9
"28","28","CAETRDDKIIF","CASGRFGANVLTF",9
"29","29","CAENRDDKIIF","CASGRFGANVLTF",9
"30","30","CVVNPSFSDGQKLLF","CASGRFGANVLTF",11
"31","31","CAASEPDKLIF","CASGRFGANVLTF",9
"32","32","CAASDNDTPLVF","CASGRFGANVLTF",9
"33","33","CAPWGFGNVLHC","CASGRFGANVLTF",6
"34","34","CAENSWAVGGSQGNLIF","CASGRFGANVLTF",11
"35","35","CVVNNYNQGGKLIF","CASGRFGANVLTF",11
"36","36","CAVGPIGGYQKVTF","CASGRFGANVLTF",8
"37","37","CAVALSGGSYIPTF","CASGRFGANVLTF",9
"38","38","CAASGGGNEKLTF","CASGRFGANVLTF",6
"39","39","CAVPNSGNTPLVF","CASGRFGANVLTF",8
"40","40","CAVRNFGNEKLTF","CASGRFGANVLTF",6
"41","41","CAVYGSSNTGKLIF","CASGRFGANVLTF",9
"42","42","CALTEGYGGATNKLIF","CASGRFGANVLTF",8
"43","43","CAMEGGRYNTPLVF","CASGRFGANVLTF",9
"44","44","CAASRQTGANNLFF","CASGRFGANVLTF",6
"45","45","CAEVGDNARLMF","CASGRFGANVLTF",8
"46","46","CALSQAGNTPLVF","CASGRFGANVLTF",8
"47","47","CAGPDAAGNKLTF","CASGRFGANVLTF",6
"48","48","CAVGDTNKLIF","CASGRFGANVLTF",7
"49","49","CAVQAGNAGNMLTF","CASGRFGANVLTF",7
"50","50","CAESTSGSARQLTF","CASGRFGANVLTF",7
"51","51","CAVRDGYGQNFVF","CASGRFGANVLTF",9
"52","52","CATDSSSGSARQLTF","CASGRFGANVLTF",8
"53","53","CATSTDSWGKLQF","CASGRFGANVLTF",9
"54","54","CAVSDSDDKIIF","CASGRFGANVLTF",10
"55","55","CAVHTDKLIF","CASGRFGANVLTF",9
"56","56","CAALGAAGNKLTF","CASGRFGANVLTF",6
"57","57","CAVGTTSGTYKYIF","CASGRFGANVLTF",9
"58","58","CAESGEGLVETYKYIF","CASGRFGANVLTF",10
"59","59","CAVAYTSGTYKYIF","CASGRFGANVLTF",10
"60","60","CAVDGGTSYGKLTF","CASGRFGANVLTF",8
"61","61","CAMSEGNYGQNFVF","CASGRFGANVLTF",8
"62","62","CALNSGGYQKVTF","CASGRFGANVLTF",8
"63","63","CVVKSDSWGKLQF","CASGRFGANVLTF",10
"64","64","CAVYSGNTPLVF","CASGRFGANVLTF",8
"65","65","CAVKGNNRLAF","CASGRFGANVLTF",7
"66","66","CAARCSNDYKLSF","CASGRFGANVLTF",9
"67","67","CAASHSGGYNKLIF","CASGRFGANVLTF",7
"68","68","CAASPGGGYNKLIF","CASGRFGANVLTF",7
"69","69","CAVASPNTGNQFYF","CASGRFGANVLTF",9
"70","70","CAVNQAGTALIF","CASGRFGANVLTF",8
"71","71","CIVRTTSGTYKYIF","CASGRFGANVLTF",11
"72","72","CAVQFSDGQKLLF","CASGRFGANVLTF",9
"73","73","CAVGSANDKLIF","CASGRFGANVLTF",7
"74","74","CALNSGYSTLTF","CASGRFGANVLTF",7
"75","75","CAVYSSASKIIF","CASGRFGANVLTF",9
"76","76","CAVDPTGGFKTIF","CASGRFGANVLTF",9
"77","77","CAVSGGDTDKLIF","CASGRFGANVLTF",8
"78","78","CAVTGNQFYF","CASGRFGANVLTF",8
"79","79","CAMSAITGGSYIPTF","CASGRFGANVLTF",9
"80","80","CAMSLLGAGNNRKLIW","CASGRFGANVLTF",10
"81","81","CAGSKGGSNYKLTF","CASGRFGANVLTF",7
"82","82","CLVVVYNQGGKLIF","CASGRFGANVLTF",11
"83","83","CALSDREGAQKLVF","CASGRFGANVLTF",6
"84","84","CAVRDMRGAGSYQLTF","CASGRFGANVLTF",9
"85","85","CALSSRGGNTPLVF","CASGRFGANVLTF",7
"86","86","CAVTETSGSRLTF","CASGRFGANVLTF",8
"87","87","CAASESGGSNYKLTF","CASGRFGANVLTF",7
"88","88","CAVRGNQFYF","CASGRFGANVLTF",7
"89","89","CALSTDSWGKLQF","CASGRFGANVLTF",9
"90","90","CAVIGAGSARQLTF","CASGRFGANVLTF",7
"91","91","CAERGDSWGKLQF","CASGRFGANVLTF",9
"92","92","CAETYSGYSTLTF","CASGRFGANVLTF",7
"93","93","CALSRDSWGKLQF","CASGRFGANVLTF",8
"94","94","CALPTDSWGKLQF","CASGRFGANVLTF",9
"95","95","CAVSSGYSTLTF","CASGRFGANVLTF",7
"96","96","CVVSTGGFKTIF","CASGRFGANVLTF",10
"97","97","CAEQRGGGADGLTF","CASGRFGANVLTF",6
"98","98","CAVSGGSNYKLTF","CASGRFGANVLTF",6
"99","99","CAVNDSNYQLIW","CASGRFGANVLTF",10
"100","100","CAASGGAGSYQLTF","CASGRFGANVLTF",6
